,Model,FaroeseSTS,FinParaSTS,GermanSTSBenchmark,IndicCrosslingualSTS,JSICK,SICK-R,STS12,STS13,STS14,STS15,STS17,STS22.v2,STSB,STSBenchmark,STSES,SemRel24STS
0,Octen-Embedding-8B,86.7066,34.560100000000006,90.03365,61.882000000000005,89.6312,88.1647,86.2443,93.99929999999999,90.5207,93.81960000000001,91.78522727272728,73.95161666666668,86.2974,93.6123,74.8068,64.3686
1,Qwen3-Embedding-8B,87.2092,33.768600000000006,89.8077,61.612808333333334,89.38279999999999,88.5986,86.1378,94.22160000000001,90.4208,93.729,92.123,72.58547222222221,85.4981,93.6023,74.07939999999999,64.42776666666667
2,llama-embed-nemotron-8b,83.9302,26.558349999999997,88.996,58.175808333333336,83.79910000000001,85.3703,83.3584,91.9601,87.8389,91.8253,89.9556909090909,71.54202222222223,86.13969999999999,90.5535,80.3377,70.27585833333333
3,Qwen3-Embedding-4B,85.84960000000001,33.98695,90.0137,60.82089166666667,88.8302,88.0603,86.6139,94.3863,90.9367,93.76729999999999,91.78071818181817,72.95217777777778,86.10275,93.6965,72.7514,63.166875
4,gemini-embedding-001,86.1155,28.603449999999995,88.09325,62.874783333333326,84.9949,82.74770000000001,81.5489,89.887,85.4098,90.4404,88.57540909090909,71.69129444444444,85.4982,89.0753,81.74900000000001,73.13653333333333
5,bilingual-embedding-large,79.0172,27.5016,87.3049,45.948283333333336,83.45949999999999,81.0146278511025,85.52036823639511,89.36590409791387,91.60879188296313,92.02450415044238,88.70915251373806,71.34637222222221,84.93280000000001,89.28237056532355,80.3175,67.57848333333332
6,KaLM-Embedding-Gemma3-12B-2511,86.7355,29.92645,88.5031,63.43688333333334,84.9183,82.4593,80.9175,89.8287,85.9142,90.1293,87.31291818181819,70.25223333333334,84.4915,88.9996,79.40939999999999,71.05351666666667
7,Qwen3-Embedding-0.6B,74.3312,26.321749999999998,84.90105,38.97911666666667,86.6246,84.8283,82.9953,91.75529999999999,87.1015,91.4472,85.50388181818181,71.83335555555556,84.61959999999999,91.1297,76.9487,59.37311666666667
8,Seed1.6-embedding-1215,74.6404,31.4212,86.49045,32.307625,88.298,85.34089999999999,82.9333,90.7732,90.1132,91.40169999999999,81.6033090909091,68.99971111111111,84.0857,89.4044,78.69709999999999,58.236158333333336
9,jina-embeddings-v3,80.81871117320544,22.378369514955132,87.87181364240149,54.662617737889555,78.16101828927972,89.6184310325287,82.43843925205465,89.48997027157911,84.95370207075369,89.31983553904263,85.93804335071763,71.14370552850424,85.4102691003267,89.42710598569711,77.86980293198451,64.5808468036827
10,SFR-Embedding-Mistral,79.3127,19.8898,86.4393,22.849208333333333,83.7372,82.92294737327579,79.46865215168464,89.15419511870839,84.93199878424691,90.7407512744838,92.01519349090438,68.88672777777778,83.56275,88.99708463265337,76.89540000000001,66.90585833333333
11,Linq-Embed-Mistral,80.03620000000001,18.9342,86.1437,22.255258333333337,84.3428,84.30523596401186,78.44413657529002,88.26850223126127,84.49441798385489,90.27866978947013,92.68185242943188,69.71411666666667,83.16335,88.80650007123052,78.561,67.40269166666667
12,multilingual-e5-large-instruct,80.43799892800864,25.615327512474305,85.91879766484158,53.68853300825269,82.55017107192334,81.73085443529001,82.52836101249812,88.05498843767127,84.82883151106293,91.02208309425296,85.96897124958758,68.95046564954582,83.09800997629712,88.39290178655834,77.07534827243025,69.17308958236403
13,e5-mistral-7b-instruct,78.31946771080547,20.57879181482765,85.66991448217436,22.981297058285943,83.54828172469371,82.64168405010996,79.65304787099163,88.42693188284633,84.53916226397308,90.42497351106816,85.17116133130891,67.58185609705276,83.28891491867842,88.59956806069064,76.54646568695226,66.37408186274176
14,text-multilingual-embedding-002,79.7079,21.7643,84.49804999999999,53.5552,83.3242,80.77590000000001,79.18549999999999,88.75319999999999,83.4547,88.6594,83.76853636363637,70.54028333333333,81.20575,87.6198,80.3606,70.641425
15,embeddinggemma-300m,65.301,25.224650000000004,84.66905,43.06836666666667,84.3984,81.3676,79.3211,86.4161,83.6713,89.3485,84.41624545454545,71.20166111111111,81.6367,88.16460000000001,82.3051,65.22101666666667
16,jasper_en_vision_language_v1,70.0253,18.130499999999998,83.92855,11.053675,79.3177,82.234,80.2578,89.69200000000001,85.3155,90.1574,78.3472,69.84303888888888,82.08539999999999,88.8456,79.8621,54.96155
17,bilingual-embedding-base,74.355,20.072400000000002,83.884,45.239175,81.9487,79.49310740723678,79.59450354665624,84.70010174539925,83.91546630697559,89.87899103812357,88.69212374652548,67.54345,82.44355,87.44031003802738,81.362,66.93188333333335
18,Cohere-embed-multilingual-v3.0,75.95309999999999,28.23905,82.5937,46.727516666666666,77.1914,82.1820253476181,77.62042143066208,85.15620774806095,80.01967438481185,88.92297656560552,90.08752166657892,69.35949444444445,81.41585,88.78683817318573,78.75760000000001,63.8431
19,STS-multilingual-mpnet-base-v2,97.3917,26.973950000000002,95.40905,84.76556666666667,83.0754,94.65249999999999,95.4619,97.7636,97.52929999999999,98.1124,0.8798064972795825,65.09693888888889,91.9857,0.9762486352335524,71.5904,56.28870833333334
20,gte-Qwen2-7B-instruct,72.47030523460988,25.7195529264813,84.75471109539576,41.814246601955254,73.20416551353325,79.15962683643262,79.52565322917206,88.96943154592363,83.86537189895273,88.48375378824065,85.87071943485364,69.3392330957762,82.46545065922575,86.81105691398511,78.30337680474653,62.94644141747185
21,NV-Embed-v2,76.5184,11.8928,81.22409999999999,13.376316666666668,79.6515,82.14763206055602,77.89286260403269,88.30238972017452,84.29920990970672,89.03555007807218,90.66976712249057,61.40383333333334,77.55105,88.40520383147418,76.058,59.153299999999994
22,GritLM-8x7B,75.17412143009663,20.079960731368924,84.5956147247001,27.20565589380371,81.56952164325557,80.56596360704134,73.69103876926383,85.84537862684346,82.04633406211417,88.81340550511095,85.92753995349884,70.08303783111293,80.82807037325122,87.46088823673782,80.31875222821118,66.35383449093746
23,GritLM-7B,75.55661848971026,22.715692027055358,81.73166793520105,27.245619705709046,85.63182770798646,83.12714130007382,77.33852878004329,85.040275646636,82.90819992299015,88.12508895141099,84.38532687280109,69.38290263891328,79.03608450123514,85.64422693135457,79.81620069387338,65.56195908195133
24,bilingual-embedding-small,76.4524,17.83505,83.0576,47.767,81.3258,74.64910820402831,79.39117869636218,85.3226077419183,83.89978896960656,88.46744045180212,85.76725038940407,68.36987222222223,81.3666,86.0757276289371,80.9764,65.514025
25,gte-Qwen2-1.5B-instruct,68.4519,17.50045,81.2812,22.661224999999998,75.413,80.49030614009419,77.25370084896514,87.79454220555091,82.91015471820322,88.45414278092397,90.32542469203855,69.39835555555555,79.39715677296854,86.37572865993327,76.5209,61.532025000000004
26,stella_en_1.5B_v5,64.77624234117043,18.049866467893338,81.38993724328965,11.361840565059628,77.8662108892012,82.40165924558951,78.55520488226414,88.62429790970509,83.31890044293463,88.50644215638907,75.4324048725048,68.98296997422999,80.50913806120911,87.4855111372355,79.03547695055785,52.189589396246795
27,BOOM_4B_v1,75.1138,21.99305,82.50715,53.371925,82.5712,79.9824,77.4342,86.6784,79.3612,87.1027,84.88310909090909,67.30108333333334,81.28014999999999,86.9882,78.94069999999999,64.90451666666667
28,multilingual-e5-large,72.38825717388578,24.9215,84.0798,43.86616217853115,79.8065,80.23155937954839,80.0197793697849,81.55024883174237,77.72248064874142,89.30888242498176,82.13768001321604,64.30422816304919,82.35674320152246,87.29412528181399,80.21052030021173,62.6598589526731
29,bge-m3-custom-fr,77.71050000000001,30.422499999999996,82.94585,52.0987,82.12270000000001,77.63250000000001,81.355,81.5511,80.0594,88.0237,80.24752727272727,68.89207777777779,82.7647,84.9036,77.97659999999999,66.39303333333334
30,gte-multilingual-base,71.71043504672767,19.899749832034093,83.07067566212521,41.36584389092463,80.08282435699905,79.34202518512105,77.50749639238504,85.55376747969324,81.67569532872871,88.94403930558215,82.58805312157543,68.78580575615442,82.69553867913557,86.4554908309818,70.77059615617489,65.22819384023778
31,LLM2Vec-Mistral-7B-Instruct-v2-mntp-supervised,56.09119999999999,12.28635,69.6469,11.996699999999999,77.398,83.6969699802343,78.8031221769135,86.37435789895171,84.04036612478626,88.99055778929946,90.1862731405498,62.03485,69.50265,88.65370934976113,74.5069,51.758633333333336
32,text-embedding-3-large,74.95941443294787,23.505001009883802,84.24308106781443,12.593334632315248,81.2385607766652,79.00399379000001,72.83588741,86.09681753000001,81.15012257000001,88.48536071999999,90.22225266,69.29491666150666,80.24660879533194,83.56231247,74.19960979146538,65.24806518504508
33,voyage-large-2-instruct,73.50710000000001,17.5537,84.0449,6.88005,81.27459999999999,81.92150000000001,73.33804727079534,84.9568,82.6724,87.6434,74.88503636363636,70.29587777777778,80.55449999999999,87.5854,78.82010000000001,56.074925
34,gte-Qwen1.5-7B-instruct,67.6476,25.3549,80.9884,23.876891666666666,70.7808,79.14737320486729,76.52287451692155,88.62720469210905,83.32346434965837,87.50432670473445,87.78994504115502,68.79782222222222,81.369375466486,87.35031011815016,72.5065,55.27935000000001
35,bge-m3,77.80087894521951,30.43132878240811,82.11890464850575,52.130850858700164,79.21412178476996,79.71643426941272,78.73342460860246,79.59845218249569,79.00172058630167,87.81467178456492,79.64601701719772,70.0272009463895,81.8995399726979,84.86928980149938,77.50423747965199,65.38084262632566
36,KaLM-embedding-multilingual-mini-v1,70.3541,18.5411,81.32034999999999,18.576008333333334,81.6292,79.92986896006748,76.66847347731301,84.86841413445535,80.10636060670153,88.69670049389599,75.2336915140176,70.02722777777778,79.32633637626917,86.06896054399277,78.23750000000001,63.90488333333334
37,NV-Embed-v1,68.45219999999999,20.36975,76.75975,13.455675,78.6911,82.80375234068289,76.22474792649982,86.30355131725051,82.09196894621044,87.24083005603993,87.41531216247836,62.51442222222222,74.1869,86.13895001731495,76.77629999999999,56.85314166666667
38,speed-embedding-7b-instruct,51.5356,3.193,66.9775,-4.807316666666667,76.4772,82.46041161692649,80.15194914870666,89.94300436293618,86.23848649310362,91.19520084590636,91.93416269793802,55.871950000000005,67.24194999999999,89.20507562822989,69.3728,50.832908333333336
39,jina-embeddings-v4,72.2847,15.052999999999999,,35.22987500000001,80.3327,89.2287,83.5043,88.60820000000001,84.7675,89.69200000000001,84.94705454545456,71.76313333333333,,88.5762,75.3104,56.46376666666667
40,text2vec-base-multilingual,63.7119,22.29405,84.2214,19.44315,78.8452,79.97373018384307,80.91314664846955,82.86479010707745,87.36399473803172,88.31438033558268,79.84178599073626,58.483372222222215,80.00655,86.44881302053585,68.87140000000001,47.552325
41,KaLM-embedding-multilingual-mini-instruct-v1,69.0652,20.972350000000002,80.03085000000002,23.075516666666665,81.0265,79.63245426461405,81.49535893255212,84.49255715794354,80.05601661201852,86.54345663501209,71.97270233473083,70.41453888888888,78.136597096582,84.2970803211202,76.6854,60.669000000000004
42,stella_en_400M_v5,63.41164396990035,15.533759032122147,73.0145420472271,6.726973228853077,58.125615488062046,81.4748469518998,81.33552823557412,88.63998125652698,84.7722847346502,90.22928378885277,57.12350981367403,62.002599912535274,44.60396720051284,87.63996146760704,76.84757660305823,40.19127189502412
43,Arabic-all-nli-triplet-Matryoshka,62.5112,28.14115,83.08725,37.58553333333334,72.7201,79.39435627520159,78.93043293576132,82.73032633919925,81.64974497557361,87.62163215009723,82.46652727272728,61.78161111111111,81.26575,86.16303183485594,74.1421,60.38239166666667
44,GIST-large-Embedding-v0,63.7884,10.3363,67.8534,-0.14881666666666654,63.6089,82.79782085421951,77.12670500926937,89.28563503553643,83.8288465070091,89.69728364350713,89.66118745178284,53.705077777777774,46.32705,88.30389489193672,74.7522,41.81265833333334
45,Cohere-embed-english-v3.0,68.03099999999999,16.153950000000002,70.95745,2.799533333333333,68.4049,81.27177640994141,74.37099514810372,85.20181466598035,80.97859876561874,89.22666720704161,90.3370719075361,60.17488888888889,43.424350000000004,88.54881886307972,75.5994,39.991249999999994
46,paraphrase-multilingual-mpnet-base-v2,53.296243478420536,25.520348803775217,84.39918653036128,34.09687373505032,64.69901497355703,79.62205774287166,77.89525808313972,85.1067656701606,80.80585658408256,87.48018793840922,82.51857092057722,61.675165149669255,82.4449173961031,86.82218476677824,72.79937941549619,55.39463518408585
47,multilingual-e5-small,68.18039999999999,20.1573,80.88415,45.93134166666666,81.4204,78.6312,78.0543,77.4714,77.5423,87.4871,87.1582,65.8568888888889,79.7172,83.5893,79.6527,61.51575833333332
48,text-embedding-3-small,65.63423078970047,17.413570572498877,82.16816901357919,4.129674535283759,80.80212135305126,76.73167594,73.08926436,84.91997414,79.81407149,88.01202172,90.94015166,66.02746986805053,77.78555263836353,84.23906518999999,78.09369763677147,60.89785224623995
49,multilingual-e5-base,66.32589857661965,22.72335634612951,81.32822872718026,41.11388999826918,81.22589759302916,78.51396550478343,76.69682068361314,78.02330106775197,76.59646479642242,88.15964513683959,78.3495220311829,64.60216150229415,80.68840851794232,85.6393074887954,81.63465862445543,61.486457091402826
50,Solon-embeddings-large-0.1,72.6873,23.76355,81.2426,53.05509166666666,79.675,78.227,73.4113,79.31869999999999,77.83919999999999,86.86779999999999,82.44014545454544,70.91513888888889,79.51905,83.5086,76.3617,68.79189166666667
51,SFR-Embedding-2_R,76.18155073073154,19.24935152558195,80.08042266863843,21.696509733881733,83.78054628722683,76.99265897099083,75.68517860427303,82.33675805831938,79.87787992067578,85.76600770180892,80.9712191114691,67.15548393751483,78.03711069458885,83.55880011831174,78.58187209410636,66.70738345759622
52,Cohere-embed-multilingual-light-v3.0,66.9596,23.96205,78.7069,42.4775,82.5874,77.03523134004043,73.21878234127571,79.49916779764082,76.9552055757283,86.42805701554927,88.6693290310468,68.62112777777779,77.71114999999999,85.46101092708824,79.8427,60.60305
53,UAE-Large-V1,64.11057176624087,8.09901526726979,67.7536409716225,2.3132239743669625,62.78255263784759,82.62331465639475,79.09144554302442,89.6171319711762,85.01783656853793,89.50909892872387,43.53181258063066,50.82202742464148,43.78498621850465,89.06081794905042,76.60494323611017,37.282938340141314
54,GIST-Embedding-v0,63.9209,10.6949,66.8669,4.236675,62.8,81.28563534883214,76.155337187325,87.84898360302155,83.38989083933329,89.42976214499576,88.58925922945812,50.26821111111111,47.0692,87.32401087204754,72.0844,42.567283333333336
55,arabic-english-sts-matryoshka,70.5322,25.12725,82.52345,50.404783333333334,67.3614,77.9915,78.8377,82.00739999999999,79.3489,85.5924,83.26301664943058,67.05620555555556,81.59925,84.0891,67.7446,58.85230833333333
56,mxbai-embed-large-v1,62.30161099163794,8.411662818410127,67.18068176966264,2.8329027704181016,62.66568613200523,82.77671230423026,79.0687249451691,89.79451553480632,85.21908733722553,89.34383375203599,42.65608888134615,50.93969499277071,43.33993849247296,89.28960362631743,75.61987115112402,35.9245176150535
57,Arabic-labse-Matryoshka,72.92739999999999,28.356550000000002,80.1569,55.515475,73.2819,77.03286420274621,79.21432176112556,79.54963868861196,78.84601702652395,85.60821849381648,79.83951818181818,64.48927222222223,78.5123,82.04996129795596,73.136,64.90599999999999
58,stella-base-en-v2,64.5622,8.5982,65.5087,6.423383333333334,60.9924,81.05827848407056,78.71828082424351,84.88094386637867,83.10699573133829,88.73903130248591,87.7102980757725,51.693972222222214,46.76725,87.44850004752102,75.843,40.87220833333333
59,USER-bge-m3,71.2514,20.504499999999997,81.95095,8.529333333333334,26.429599999999997,81.0025,81.0964,83.8523,82.1097,88.9983,58.45140909090909,64.01532222222221,9.092799999999999,86.8518,76.92320000000001,31.43755833333333
60,e5-large,68.6149,16.09355,71.297,-1.840325,56.73010000000001,80.48508130408966,75.93057758003266,85.22240034668202,80.54074646118492,88.81459873052108,89.36731628848683,55.92901666666666,41.9142,87.21366640615442,76.9093,39.93960833333334
61,gte-large,66.48190000000001,11.58815,69.8542,1.5148999999999997,64.6186,79.80930790660699,76.80552915288186,88.10998662068769,82.66200957916445,88.92791680286955,88.46863559173111,54.71163333333333,44.546949999999995,86.07166710670508,73.7066,37.618183333333334
62,voyage-3.5,73.5325,26.158749999999998,76.21315,31.41649166666667,78.2563,79.4101,70.1112,82.98910000000001,76.9845,82.8124,77.8470090909091,71.02185555555556,70.89705,82.2799,74.69170000000001,64.82670833333334
63,nomic-embed-text-v1,67.90350000000001,15.251249999999999,66.786,10.810833333333331,70.5923,78.5797159641342,78.91631735081286,85.40429140249618,81.64101363896586,87.20408521902229,87.20485505076539,56.30708888888889,40.91395,85.54302197678368,71.0022,44.007533333333335
64,GIST-small-Embedding-v0,63.834900000000005,13.2524,66.73235,-1.6018500000000002,65.5528,80.53174518259549,75.56589127055523,86.26355088415221,82.29883673695083,88.7364409031183,89.02101343562433,51.49538888888888,46.004,87.07819121764247,71.2607,37.27591666666667
65,Arabic-MiniLM-L12-v2-all-nli-triplet,59.5809,27.8687,80.61045,28.042383333333333,75.1148,79.61914245705792,77.38689922564416,79.58989311630421,79.78614320477877,86.21134464371615,80.27092727272728,59.99809444444444,79.8867,84.3492527221498,71.709,57.739475
66,NoInstruct-small-Embedding-v0,63.7321,12.70985,67.24140000000001,-2.2843333333333335,65.0772,80.30777094408789,75.75714864112797,86.08377598473446,82.28284203795577,88.90045649789438,88.72837234129177,51.420861111111115,46.46245,86.97909372129874,71.83319999999999,38.04490833333333
67,bge-large-en-v1.5,64.58289770378548,8.827194610588233,67.19234776654262,3.8852702700658894,64.20348141703155,81.68367384277421,79.04889235593613,86.37060444136577,82.77810172031654,88.02952704872573,44.452043373002525,48.90619596097559,41.52787527044174,87.5190636046235,77.43412903673891,35.81120814755227
68,gte-base,63.09010000000001,12.6613,69.07910000000001,5.675716666666666,64.38669999999999,78.85870555294795,75.71298531799367,85.72991921531624,81.50806522502528,88.81032027008195,87.89861394614361,51.44635000000001,45.9048,85.73266847750143,72.3831,40.49649166666667
69,snowflake-arctic-embed-l-v2.0,70.9056,22.14595,77.01955000000001,47.20138333333333,81.5808,73.9812,71.22579999999999,80.4384,75.1031,82.865,74.40714545454547,68.68658333333335,72.001,79.2127,78.657,66.34601666666667
70,paraphrase-multilingual-MiniLM-L12-v2,47.29394318803163,23.20666648440418,80.68480124709163,19.788971420337965,69.19120650023513,79.60669235249621,76.02134324654331,80.69594195489891,78.85313504683504,85.8377178673668,81.4449612140821,56.69646259124438,80.75013537387944,84.4167885297171,73.01325862843841,47.809215426312115
71,gte-small,63.9784,14.35235,68.23140000000001,1.882025,65.81280000000001,77.92985224770254,75.1221970851712,85.08683458043946,81.03453291428589,88.31966852492485,87.59086606735383,52.69768888888889,47.27439999999999,85.57014313159492,72.35629999999999,37.037483333333334
72,Cohere-embed-english-light-v3.0,69.3698,19.8546,65.31039999999999,4.158216666666667,67.0899,79.65240734965128,72.6022866501722,82.87639489647019,79.74024708732993,86.97688974734349,89.22016928873572,49.82703333333334,42.017950000000006,86.57651994952795,73.8418,39.21791666666667
73,Euler-Legal-Embedding-V1,,,83.531,54.85978333333333,,83.9003,81.3218,86.7165,82.2674,89.0549,85.34215454545453,72.79529444444445,80.0316,88.0437,,63.768775
74,e5-large-v2,67.43254226313017,15.98819811188566,73.32000953653802,3.0581112879233525,71.88885428127878,79.15895517070432,73.55323398454772,80.98029517065778,79.15977416467089,88.29499706388188,48.05269026236347,56.982289003342956,43.35341654060719,84.5488080918384,79.83558551679866,44.28938898030304
75,voyage-3,72.5055,22.51015,73.05865,41.62885833333333,71.7563,79.6314,69.5154,80.5623,73.32509999999999,80.3908,76.24326363636364,71.88099444444444,66.569,79.5318,72.5128,64.66249166666667
76,bge-base-en-v1.5,64.25782252314615,10.132880531033091,65.57169829445715,7.372074182768025,63.773333148776835,80.30113956602887,78.02846881992981,84.18359851756962,82.27285338843656,87.95662500150213,42.320743874364645,46.598166908064236,44.95803485682014,86.41801045690194,72.56256149542571,42.74099961523518
77,voyage-multilingual-2,74.4153,27.0741,74.90220000000001,35.03346666666667,75.942,78.97370000000001,67.3025,80.0949,71.97590000000001,78.0676,77.06250909090909,69.03339444444444,70.05966864972416,75.7937,76.6944,64.8817
78,voyage-3-lite,76.202,24.1568,71.53009999999999,31.913058333333332,78.0621,76.6482,70.758,76.5052,71.9166,81.1019,73.04648181818183,68.5241611111111,67.58794999999999,78.56030000000001,80.5674,64.08604166666666
79,e5-base,67.9557,12.81795,69.53145,1.589516666666667,58.2531,79.66419880841734,74.2189990321174,83.31401180333397,78.52252410630707,88.34876527774259,87.23010990417097,51.00597222222222,37.654849999999996,86.18102563389962,76.0396,38.67500833333333
80,e5-base-v2,70.22820299315985,15.392875797454897,72.0826882387422,-1.332694301463828,71.29048066992955,78.39807283202838,73.48862196374729,82.99690334443994,80.44585834356297,88.18055224097617,41.98980416735733,51.851385779602765,40.40621594978555,85.47988918811889,76.76002181951239,43.99229544265435
81,mmlw-e5-large,66.42139999999999,8.356050000000002,64.6012,4.704400000000001,54.9916,81.401,80.7987,84.9162,81.6616,85.7166,47.97082727272727,54.786277777777784,37.7826,85.33760000000001,75.6386,36.76878333333333
82,bge-small-en-v1.5,66.47008447145953,13.52276092243459,66.93503709671312,3.196363168771078,65.03093062307546,79.40992826837397,77.44334044593039,82.97998550645033,81.83539566263664,87.26544426377639,39.24208065628188,46.92584725074835,45.11474692240475,85.86295017067542,76.29930919465497,38.125228666817684
83,udever-bloom-7b1,37.0798,1.5883,43.53245,-3.57945,59.4606,81.4067321748142,77.47310329678291,86.37854318479079,81.17166984686445,88.23398394823562,90.6215253553308,,82.02672847550606,88.02311088852667,63.0798,44.425441666666664
84,e5-small,67.10350000000001,15.7889,68.98440000000001,3.2111,52.817,78.9003023008781,75.1883451602451,81.79962989974364,78.48371403924872,87.49276894673142,87.94243515296604,50.86858888888889,32.500750000000004,86.36336704300167,77.6992,36.837891666666664
85,e5-base-4k,66.1041,15.645550000000002,66.15805,-3.211675,60.3486,78.29727771767095,75.79279003980383,83.58056936846941,79.948683747966,88.82021731518206,87.58456196391622,49.595616666666665,36.57415,86.52303197250791,70.4574,39.84673333333333
86,nomic-embed-text-v1-unsupervised,64.2727,10.904900000000001,69.6293,-4.279158333333333,68.6459,74.18938626206575,73.22311186990363,84.77145185366201,79.9948128016449,87.26758456901442,89.54137104681308,57.30821666666667,44.9326,83.95859527071087,71.8886,42.70755833333333
87,granite-embedding-278m-multilingual,63.605199999999996,12.62055,79.0032,34.516349999999996,77.1764,68.7448,75.1911,77.3053,74.9479,86.0174,66.61661249999999,67.85498888888888,74.8993,78.4076,77.9259,61.41298333333333
88,e5-small-v2,70.0810874426783,15.429769290780737,69.96631700012932,2.172488714466548,68.48384494860525,79.2507216483598,73.7079788758814,82.31720264513166,80.06919084564517,87.20998142742839,34.76703201059355,45.835554176334966,45.78418580321469,84.91603276683479,76.07557603005908,41.78052256882217
89,snowflake-arctic-embed-m-v2.0,63.2482,22.919099999999997,73.8767,30.798949999999998,80.6935,71.2985,70.6481,77.3886,72.9113,81.8161,66.8058875,69.04341666666667,68.98015,75.9802,80.2475,58.910241666666664
90,nomic-embed-text-v1-ablated,64.87899999999999,22.57305,63.19175,6.040475,67.6739,77.3007421887329,77.97040896962338,79.38801416063187,78.17327332594571,85.50877410088334,85.86642469958113,56.76061111111112,42.68825,83.41508337893958,72.7611,43.61584166666667
91,embedder-100p,57.104,2.51995,81.46204999999999,9.566358333333334,57.6237,80.91205372065706,76.97735281189986,82.62953855483207,77.83933203825715,85.918072169933,88.99264497015508,52.0559,31.426699999999997,84.2021805427655,65.1527,39.886783333333334
92,mmlw-e5-base,62.4483,6.80635,61.3086,4.805908333333334,54.750600000000006,80.8023,78.57119999999999,83.7403,82.2311,88.1554,43.02721818181819,49.96305555555555,27.923699999999997,86.6135,70.3403,36.50650833333333
93,GIST-all-MiniLM-L6-v2,66.1382,14.455449999999997,67.85515,-1.8949416666666667,67.5489,79.09232997136625,75.03945035801914,83.26431569305103,78.61877889763109,87.03494331841401,87.35865211085007,43.289183333333334,44.65475,84.40071593577095,67.6335,39.88513333333333
94,granite-embedding-107m-multilingual,63.173500000000004,13.104199999999999,78.10805,26.927358333333334,77.29350000000001,68.46560000000001,74.7362,75.63990000000001,73.1976,85.0551,65.24065,66.56946666666667,74.65174999999999,76.9844,77.9058,58.61606666666667
95,MedEmbed-small-v0.1,66.0398,12.424650000000002,67.96175,-0.0814083333333332,64.2204,79.65689515219194,76.22109828443048,83.4553090866614,80.39864986197945,86.40909639583371,25.761042651884647,47.25213888888889,44.41125,84.81184678969443,76.0943,38.25886666666667
96,mmlw-roberta-base,66.5164,6.7164,65.01065,7.787466666666668,1.9684,80.6494,77.8013,84.2942,82.6476,88.17,35.630545454545455,48.12725,2.73505,86.4214,67.3884,25.189224999999997
97,udever-bloom-3b,38.9574,2.9091500000000003,43.5714,-4.143116666666667,56.371,80.84882728439892,76.10288448289813,85.49051395372348,80.43502071880916,87.7540379885978,89.94783195991867,,81.51752389848613,87.70682082313391,52.0415,39.27959166666666
98,mmlw-roberta-large,65.5724,6.4315,62.351350000000004,6.280941666666667,2.0140000000000002,81.35940000000001,80.3478,84.8021,81.6639,85.8572,36.812672727272734,50.45782222222223,2.2290000000000005,85.0874,72.9918,26.545800000000003
99,static-similarity-mrl-multilingual-v1,71.6824,16.82345,73.28605,8.022891666666666,78.6656,68.3204,71.57,74.3251,72.8186,82.5291,72.89600909090909,57.25741111111111,71.81565,79.94250000000001,72.0103,52.42039166666667
100,Ivysaur,69.9027,10.21665,68.1034,0.25066666666666654,67.5797,75.63155962642634,68.58158236004101,80.54473705232682,77.628680514703,86.15687211744392,88.5704237984555,52.105038888888885,46.29725,84.24952159575491,67.71249999999999,37.57251666666666
101,LaBSE,55.20673066381397,24.823815963063122,73.33711525875363,52.75801799859855,76.98893346336119,69.99188482038213,65.08166563535988,67.97543550218779,64.03144384844788,76.59341752268844,74.18204228376322,63.255142506489804,69.93403703159636,72.25055941558153,76.90847725508182,62.277480921299464
102,Jasper-Token-Compression-600M,,,,,,85.2974,86.06660000000001,93.3476,89.6326,93.4661,93.4175,73.3,88.6598,92.8872,,
103,Seed1.5-Embedding,,,,,,84.3305,84.7519,92.5484,90.3995,92.4218,93.2298,72.6965,86.562,91.5074,,
104,QZhou-Embedding,,,,,,87.7356,90.29169999999999,95.66799999999999,92.7978,95.26820000000001,89.22355454545455,77.18277222222221,91.767,95.0436,,
105,nomic-embed-text-v1.5,68.1204685229011,11.762822046046061,69.59612470126179,7.701696631931629,69.0603414729546,75.44467557272925,71.16012635813495,80.7169234916371,76.58383975698425,85.23035009567323,46.2420691166753,51.14974155765681,41.93086883969097,81.39924460748615,71.57862019177685,43.54766000733399
106,Seed1.6-embedding,,,,,,84.66900000000001,83.40180000000001,92.3468,89.4397,91.5381,91.0042,72.8553,85.12389999999999,89.3686,,
107,Wartortle,62.804700000000004,13.0311,63.89425,2.701508333333334,63.861599999999996,78.23859592249686,75.1886741501174,79.33304952540263,76.56213113240312,84.7000298638952,86.61476790521185,38.54858333333333,38.28,81.7934403165178,75.4312,38.515125
108,all-mpnet-base-v2,61.800799916805246,9.546000000000001,64.63465,-2.5093317147634577,71.3243386066696,80.5854182940807,72.63425649613447,83.4849352820061,78.00015498590187,85.66278413019339,39.34705809070792,46.163249710787355,42.61429514076228,83.42190973012376,66.88846228500607,38.002157424956835
109,Bulbasaur,66.8874,6.97205,66.4106,3.7657416666666665,64.8887,76.0433546110243,69.49541146727839,80.96085686108583,77.08348207580887,85.41548418250477,88.03461344591356,36.055438888888894,43.270399999999995,83.33681512924129,69.1993,37.7248
110,LLM2Vec-Mistral-7B-Instruct-v2-mntp-unsup-simcse,40.4308,3.9644,47.567499999999995,8.277833333333334,66.4978,75.55405115197729,67.65074099726466,83.89765011154986,76.97256789216159,83.80216382863031,85.58485422591949,53.36842777777778,50.4092,80.41509666334721,72.1254,45.38755833333333
111,sentence_croissant_alpha_v0.3,57.299299999999995,2.26365,74.3432,0.555025,65.09819999999999,68.8972,68.34989999999999,82.60889999999999,75.9534,82.8973,59.32438181818181,62.48316111111111,51.18495000000001,82.19030000000001,78.6794,42.7803
112,udever-bloom-1b1,37.9412,0.40245000000000003,42.67155,10.652808333333335,57.8371,79.91790376084445,75.7961015562481,83.61682237930194,78.73277873007592,86.41326579037185,65.35248256736564,,79.53464687577328,85.78865814488006,61.6772,43.59919166666666
113,all-MiniLM-L12-v2,66.08584853335722,10.71165,66.56150000000001,-5.337116442690175,71.76946032220101,79.31807926686743,73.08329046069596,82.13397006371551,76.73415930715883,85.57753868157322,36.281154442712754,36.72962049445949,41.90176949589169,83.08944078573145,72.66756261960431,37.93372304999087
114,gte-micro-v4,66.90469999999999,7.523350000000001,65.95679999999999,5.090266666666667,63.4906,76.1108,72.67139999999999,82.1624,78.17070000000001,86.28099999999999,34.496736363636366,37.37801666666666,44.95615,83.9242,69.182,37.83366666666667
115,mmlw-e5-small,55.6211,10.38475,56.1238,3.2605583333333334,46.1134,78.5342,77.0012,82.0848,80.33409999999999,85.9778,40.49874545454546,51.83228333333333,28.834000000000003,84.3509,71.9007,34.508125
116,jina-embedding-b-en-v1,60.178799999999995,8.646099999999999,71.02969999999999,3.041633333333334,2.0140000000000002,79.1378154534123,75.06080146054282,80.85907200101076,76.12917164308409,85.55427877110485,88.97626967707933,49.54819444444445,3.70015,82.57071649593358,69.52159999999999,26.729508333333335
117,jina-embeddings-v2-small-en,58.1388,4.6612,51.94735,6.251416666666667,62.5403,76.7212346922664,73.66390263429565,83.29727595993955,79.1686548248754,87.29947322714338,88.23061724730616,17.576161111111112,31.05675,84.03893866106175,44.566,36.21334999999999
118,German_Semantic_STS_V2,60.7511,7.241249999999999,86.3629678315869,4.232191666666667,35.2201,74.191,72.03399999999999,85.03150000000001,81.2143,86.3155,35.595454545454544,42.67297777777778,8.54305,82.56400000000001,64.73400000000001,25.4116
119,potion-multilingual-128M,64.7274,9.7789,70.8329,14.809666666666669,76.2142,60.851200000000006,64.349,74.2303,69.7261,79.3331,61.866727272727275,60.108561111111115,71.25565,71.7519,70.6588,59.17523333333333
120,snowflake-arctic-embed-s,65.5419,10.6797,63.337700000000005,9.979166666666666,52.544599999999996,69.66114097154585,68.78540928870311,79.61879435615303,75.57574519760183,84.64256921939338,86.73200885328937,49.06042222222222,25.6734,81.18789220331483,71.1975,34.99819166666667
121,sentence_croissant_alpha_v0.4,52.837199999999996,-0.40825,71.85085,-0.8201333333333333,64.039,67.63090000000001,65.681,81.26050000000001,74.0395,80.7361,56.89982727272728,64.40666666666667,46.67085,79.7631,78.4478,40.8942
122,granite-embedding-125m-english,54.496199999999995,12.41675,61.6844,2.2727500000000003,76.17779999999999,71.2001,65.9247,81.7525,74.2305,84.1271,41.156262500000004,52.14400555555555,51.228300000000004,79.6569,62.5206,42.354691666666675
123,KaLM-embedding-multilingual-mini-instruct-v2.5,,,,,,83.20442801025385,81.90031256415882,89.51672671783359,85.99180550008585,90.32929760921006,81.34831042575259,73.23705229059266,82.8989407235025,88.88111143561677,,
124,gte-micro,62.11600000000001,6.016649999999999,66.08335000000001,3.043391666666667,60.1827,76.9542,74.8905,81.65780000000001,76.658,84.97590000000001,28.361372727272727,30.390266666666665,37.91845,80.1173,72.6503,39.31609166666667
125,slx-v0.1,58.236399999999996,10.3726,63.92804999999999,-6.275766666666667,71.3296,77.58239999999999,72.369,80.6032,75.5891,85.3896,36.44377272727273,41.78761111111111,42.0483,82.0325,64.32560000000001,41.58695833333333
126,Squirtle,62.800599999999996,10.159500000000001,62.868900000000004,-1.186491666666667,63.91250000000001,77.33681018334157,70.15243619467687,78.41580967540904,74.76063270848232,82.00177922226122,85.85093351857286,35.44047777777777,37.5863,79.20891358738938,72.4584,38.82331666666667
127,all-MiniLM-L6-v2,58.23646054065518,10.37258929878844,63.928061999339,-6.275768107301821,71.3295611257341,77.5824552546972,72.36899998079942,80.60316722220763,75.58912408385123,85.38961998125278,36.44377160051358,41.787600623710084,42.04829763657761,82.03247283076371,64.32562715409338,41.58299687313574
128,sentence_croissant_alpha_v0.2,57.895700000000005,-2.8233,71.06555,2.5421166666666672,65.5961,64.878,65.54759999999999,78.9081,71.5049,79.9044,58.70720909090908,59.909805555555565,46.9626,77.14760000000001,78.3415,43.53605833333333
129,jina-embeddings-v2-base-en,12.1841,1.7444000000000002,21.4487,-2.1113583333333334,31.861099999999997,79.6487740813199,74.27447427941591,84.17947648159536,78.80745014464101,87.55320285299192,88.87813323759015,-1.047677777777778,4.96915,84.84429717949759,10.9332,14.272708333333334
130,sgpt-bloom-7b1-msmarco,44.8365,5.93905,49.32115,9.793233333333333,57.879599999999996,69.81522686267631,69.66180222442091,79.66529244176742,74.6076920702392,83.80600789090722,65.5872638863636,51.68171666666667,49.42999999999999,80.89611873505183,71.48689999999999,48.233925000000006
131,LGAI-Embedding-Preview,,,,,,84.89179999999999,81.7878,90.4385,88.2823,91.9032,90.194,74.9722,,91.4649,,
132,jina-embedding-s-en-v1,60.9571,9.005199999999999,66.45195,4.726758333333334,2.0122,76.33071660715956,74.27699263517789,78.55383586979005,73.84318001499558,83.71357922283677,87.4898082140765,44.41466666666667,3.99505,79.19504854997832,65.00590000000001,24.584191666666666
133,snowflake-arctic-embed-m-long,59.8146,9.2913,57.06675,10.010741666666668,60.1388,70.91162732446628,66.10824660353681,79.82293444619499,73.63809739428072,83.23485786963107,80.59196586367551,37.56122222222223,37.60015,77.89671867168987,68.1952,38.0687
134,snowflake-arctic-embed-xs,63.2802,14.986349999999998,56.4912,9.644141666666666,57.476000000000006,69.2566375434526,65.89916377105551,77.86961921643416,72.81574657995401,83.4885552472602,84.4948593656943,38.14342222222222,28.95485,79.18395553127085,65.5992,35.35369166666666
135,LaBSE-ru-turbo,56.804100000000005,7.08945,66.99935,-4.595366666666666,40.7847,75.5673,72.4468,78.9802,76.6976,85.6228,30.664281818181816,52.91715555555556,10.776850000000001,81.8233,73.2144,27.161341666666665
136,snowflake-arctic-embed-l,59.064499999999995,18.348550000000003,53.830650000000006,10.954291666666666,59.806000000000004,69.32425977603488,67.85470749045027,77.48991626780108,69.77157648098141,80.16458787843023,82.28085055047386,43.44371666666667,29.897000000000002,75.67875747588545,60.4409,31.926433333333332
137,Yuan-embedding-2.0-en,,,,,,83.0625,80.19659999999999,88.61630000000001,83.99119999999999,89.74600000000001,92.5633,70.821,,89.472,,
138,snowflake-arctic-embed-m,62.702400000000004,16.4562,51.976200000000006,11.099641666666667,61.4645,69.12484963763646,66.96821894433991,79.1153001117325,68.50538405089604,79.92003940566667,81.46108646565362,35.31722222222222,32.0492,74.0981396086974,60.00149999999999,33.748850000000004
139,text-embedding-005,,,,,,82.6039,78.1241,90.3475,85.4977,90.201,91.4989,69.55510000000001,,89.1067,,
140,granite-embedding-30m-english,58.9036,10.19025,61.163349999999994,-2.1329000000000002,74.37270000000001,68.79809999999999,64.77380000000001,79.3253,70.1701,82.0343,37.5539625,49.50058333333333,46.81905,78.0444,66.35,35.14964166666667
141,Conan-embedding-v2,,,,,,83.31880000000001,84.796,88.58890000000001,87.1524,89.1791,91.3769,,84.6332,86.1931,,
142,Tarka-Embedding-350M-V1,,,,,,82.7028,81.9674,89.0416,84.8424,90.01169999999999,89.8389,68.08340000000001,,89.131,,
143,udever-bloom-560m,23.8232,4.52855,26.90045,-0.0086583333333335,39.5329,78.52738315932625,74.07437934108376,81.80834431353927,77.0493522248929,84.61113973428688,60.231173727698476,,77.7709743500025,83.63025944536395,54.0515,30.19395833333333
144,Venusaur,64.9114,6.589300000000001,63.74029999999999,-1.035675,62.8498,74.68461406509039,54.34570729554049,74.24315395719762,69.99484176761607,75.73762657362906,84.81452353756737,36.37015,37.17725,76.72196352753278,64.1691,36.452850000000005
145,ru-en-RoSBERTa,55.9282,8.0605,57.12345,3.3492083333333333,68.53970000000001,73.1819,67.62310000000001,78.0072,71.47670000000001,83.6179,26.998927272727276,43.30633888888889,35.4265,79.9474,61.6056,33.30401666666666
146,text-embedding-004,,,,,,81.931,77.57690000000001,90.3559,85.2448,89.6639,91.74759999999999,68.6389,,88.9791,,
147,snowflake-arctic-embed-m-v1.5,57.545199999999994,15.8339,44.4774,10.540041666666667,60.4288,70.0345,64.9088,73.6707,65.2493,76.7534,43.06408181818181,41.149100000000004,30.6708,69.4352,65.5138,34.842616666666665
148,F2LLM-4B,,,,,,81.6987,81.6399,89.2963,85.47019999999999,89.0881,89.313,66.5351,,87.232,,
149,voyage-3-m-exp,,,,,,81.625,78.5685,88.1872,84.0718,89.4459,89.3624,68.3449,,88.3237,,
150,SearchMap_Preview,,,,4.7136000000000005,,77.7845,75.1023,86.6885,81.3998,87.5005,55.7512125,70.26178,,84.5462,,81.1243
151,F2LLM-1.7B,,,,,,81.4346,80.70270000000001,87.9525,84.095,88.5788,90.3235,66.82780000000001,,87.35810000000001,,
152,Arabic-mpnet-base-all-nli-triplet,59.96169999999999,1.61565,57.98185,7.110283333333333,66.1369,68.9386835022992,68.71669873972587,56.04247097489131,58.80575077741524,73.74453589715445,34.09233636363636,29.75727222222222,30.325400000000002,67.56341643518167,64.1988,40.961241666666666
153,USER-base,59.25,9.62565,64.7648,-0.9437333333333332,55.8206,68.3356,66.3084,68.7676,67.1359,79.8783,34.08345454545454,43.52194444444444,22.25815,76.0258,70.7118,34.292833333333334
154,potion-base-8M,61.11879999999999,2.4172,63.205749999999995,0.8288916666666668,62.7079,64.6753400763881,62.248985055530525,77.27600787572996,71.914099628002,79.75345871163103,28.159109015900125,31.674050000000005,35.869249999999994,75.40519061413276,62.9861,38.93865
155,rubert-tiny-turbo,61.18710000000001,10.48495,61.394999999999996,10.126616666666665,43.7755,68.4327,66.1687,60.3443,66.1225,77.4073,27.18219090909091,33.364149999999995,18.03625,68.9725,66.5116,25.146816666666666
156,bge-multilingual-gemma2,,,,,,82.66085892322664,77.71091257651071,87.44662352358895,83.48313793311584,87.63145141246594,91.18282119920893,,80.87063761195603,87.25208310840168,,
157,potion-base-4M,60.33070000000001,1.6184999999999998,62.426399999999994,0.789091666666667,62.761900000000004,63.98613448451591,62.37621006422606,76.81750749576634,70.98200491385815,78.66432028882325,26.44324108112017,30.912500000000005,36.3477,74.28444387078392,61.555899999999994,38.86998333333334
158,LENS-d8000,,,,,,83.30200195593044,80.98590815911939,87.34287142701457,84.38843815801556,89.74723322749233,90.86953801008369,,,88.46646307403641,,
159,LaBSE-en-ru,36.205799999999996,13.25085,57.090050000000005,-1.9052916666666668,37.62,69.1298,65.15570000000001,67.6614,63.3248,76.2084,39.85878181818182,54.25525,10.08745,71.9106,63.1486,25.242933333333333
160,b1ade-embed,,,,,,82.83001707430854,78.65009395911503,90.00142148909681,84.96999168443674,89.81153125001883,89.79699475327726,,,88.76691675006461,,
161,mxbai-embed-2d-large-v1,,,,,,82.04792579356291,78.76929696642694,90.39810997063387,85.44794976383963,90.01162604967037,88.80244555668372,,,89.19783009521629,,
162,M2V_base_glove_subword,61.1964,1.7131500000000002,61.61495,2.2661583333333337,62.160000000000004,66.17240782538595,61.89139464648924,71.66792475528088,67.82634222687376,75.48765072240437,17.980262732005286,30.87426111111111,35.00005,66.52235871936412,60.589000000000006,37.98119166666667
163,F2LLM-0.6B,,,,,,80.1426,79.5868,86.485,83.2245,87.77810000000001,90.1953,64.456,,86.7924,,
164,LENS-d4000,,,,,,83.8127407315392,79.06871408688198,86.54428612066569,84.31789230181545,89.69254612113068,91.55107309513775,,,88.21684368202543,,
165,potion-base-2M,57.955400000000004,0.35209999999999997,60.7472,0.34404999999999997,62.2587,62.85583348143348,62.07913034464432,75.73113726697468,69.27997439795548,76.32976845993336,23.11789096520746,31.54857222222222,36.362300000000005,72.80800903257308,59.8271,37.86546666666666
166,cai-lunaris-text-embeddings,51.3471,7.9049000000000005,48.45225,-2.0156333333333336,49.8626,68.98528351149498,58.502746406116614,74.03028513377879,66.18263558486296,75.54712054246464,80.13910828685532,41.73039444444445,25.712000000000003,71.40167034949341,54.745200000000004,29.770925
167,mdbr-leaf-mt,,,,,,80.6254,77.3629,88.8314,83.2192,88.0785,86.8254,69.2332,,87.2129,,
168,M2V_base_output,60.374399999999994,1.8614,61.26955000000001,-0.4226666666666666,62.090599999999995,65.43442849067297,59.97334423570035,71.81863685179427,66.99860396187162,75.4907813361932,19.521645000148546,32.01795,34.76285,67.2453123773366,61.6835,37.157025
169,rubert-base-cased-sentence,49.628699999999995,6.5558000000000005,55.41245,3.6308333333333334,65.1558,56.984100000000005,59.0229,46.990300000000005,50.879,64.5847,33.39118181818181,34.58301111111111,65.2471,55.789100000000005,46.0771,29.117658333333335
170,Giga-Embeddings-instruct,,,,,,84.6631,71.922,88.00139999999999,82.4645,87.9416,86.9889125,69.97496,,87.1684,,
171,LLM2Vec-Llama-2-7b-chat-hf-mntp-supervised,,,,,,83.00728009929533,78.85484854952163,86.84017260596792,84.04244912638237,88.71661848841296,90.63340320875899,,,88.7218677688666,,
172,ternary-weight-embedding,56.303599999999996,-2.9595,52.5937,1.1926166666666669,62.400299999999994,52.4853,46.5666,58.2034,51.6049,57.0453,18.666054545454543,24.64787777777778,83.39129020701186,52.1587,49.3318,26.996458333333333
173,rubert-tiny2,57.7677,7.08715,60.07015,6.515866666666666,40.6,61.065599999999996,65.1195,59.965900000000005,60.2823,74.37660000000001,29.709318181818183,28.397705555555557,18.8,63.0216,64.58359999999999,24.778583333333334
174,Zeta-Alpha-E5-Mistral,,,,,,81.88046945336663,78.63991285161867,87.12110799581852,83.55263671417923,90.09569633194636,91.43471625912765,,,88.27561759951514,,
175,silma-embeddding-matryoshka-v0.1,39.9127,11.48095,55.61205,4.274591666666666,32.963300000000004,63.7455,55.162800000000004,51.885400000000004,52.9933,67.84700000000001,41.07377578922944,43.046227357092114,6.24615,61.8289,57.607699999999994,34.08719166666667
176,Arabert-all-nli-triplet-Matryoshka,49.7817,3.96855,57.70835000000001,7.0436499999999995,32.250099999999996,57.64441663261227,69.67060431422327,51.95037157769884,57.36607721958864,70.0994395240558,28.456,34.30293888888889,6.16935,61.592426810014366,56.265100000000004,35.86278333333333
177,gemma-2b-embeddings,31.968999999999998,-0.5551999999999999,39.80455,7.974633333333333,65.50110000000001,41.3266,42.236000000000004,41.100300000000004,36.0263,48.3298,24.59242727272727,35.41972777777778,49.2801,33.3212,55.095499999999994,37.133624999999995
178,M2V_base_glove,30.850699999999996,8.47075,44.395999999999994,2.5866750000000005,20.5889,64.66033328975722,64.63642414925371,77.9790218678965,70.08415685571369,78.77945492051583,20.678710441102393,33.98614444444444,1.0992499999999998,68.90568918705054,59.095600000000005,24.640683333333335
179,bge-en-icl,,,,,,83.86733787791422,78.14269330480724,86.58640009300751,82.8292579957437,87.77203714228862,91.24736138013424,,,88.42076443255168,,
180,LLM2Vec-Meta-Llama-3-8B-Instruct-mntp-supervised,,,,,,83.9379272617096,79.26752176661364,84.8327309083665,82.9394255552954,88.08995363382608,89.57796559847532,,,88.0472708354572,,
181,sentence-t5-xxl,,,,,,80.46877899403398,78.84633095838922,88.93834486158684,84.85684801116044,89.31982869751906,89.46272351246337,,,84.01139141474803,,
182,voyage-code-3,,,,,,83.1959,74.4819,86.321,79.9945,86.4802,89.4163,67.0711,,84.77,,
183,KaLM-embedding-multilingual-mini-instruct-v2,,,,,,79.85114978228225,82.26959820528188,85.957007198093,83.50251215846104,86.43707354974059,66.6689953040152,,80.91935433473239,85.07318077272461,,
184,LLM2Vec-Sheared-LLaMA-mntp-supervised,,,,,,82.25303886615637,78.27678362978094,85.5228883863618,82.48847836687274,88.76235312662311,90.10224405448504,,,87.15751321128134,,
185,Marbert-all-nli-triplet-Matryoshka,53.767900000000004,-1.7036499999999999,51.562949999999994,-0.14872500000000013,36.4369,65.80163441928238,63.00297824477175,52.23198766098021,59.2261024017655,70.01912156519296,31.685736363636362,27.262288888888886,8.2942,61.16768766134144,49.4058,35.89794166666667
186,Tarka-Embedding-150M-V1,,,,,,80.73740000000001,76.6568,83.8087,82.0843,87.1066,88.8249,65.227,,86.3853,,
187,ember-v1,,,,,,81.74697270664319,78.51011398910948,86.62037823380983,83.05697553913335,88.38581627185445,87.90311138579116,,,87.76870289783061,,
188,rubert-tiny,57.1913,-0.9507,52.97045,1.0317333333333332,41.044000000000004,60.3934,49.6569,63.3996,54.883,67.318,20.077954545454542,25.268977777777774,18.96235,55.8644,55.1823,24.688066666666668
189,cde-small-v2,,,,,,79.01310000000001,80.3531,86.0453,82.9681,88.06540000000001,88.9498,,,87.7139,,
190,deberta-v1-base,47.1077,4.99315,37.3257,1.3330083333333334,50.711600000000004,49.9409,44.7604,46.6508,38.153,54.8474,22.934036363636363,21.163538888888887,26.262600000000003,41.3236,46.9185,31.61703333333333
191,mini-gte,,,,,,79.551,74.3335,83.5213,80.6162,86.85690000000001,89.7621,68.3308,,86.2486,,
192,lodestone-base-4096-v1,31.1631,0.57985,35.39645,,43.0291,70.46515535094771,63.99899601697852,78.20169706921848,70.78377709313477,80.02708383244838,83.87886389259836,,17.84525,75.57446967644269,35.4934,18.931433333333334
193,distilrubert-small-cased-conversational,50.930600000000005,0.07955000000000002,42.49885,-1.4726333333333335,29.487999999999996,56.7039,40.8283,52.222199999999994,46.7599,60.6444,24.897018181818183,24.741711111111112,19.6603,55.9747,52.68000000000001,22.622141666666664
194,rubert-base-cased,23.8506,-2.7881000000000005,40.450649999999996,-1.5549416666666662,51.683,44.2201,27.752900000000004,39.8322,34.892,43.051899999999996,18.55361818181818,24.32241111111111,39.26585,39.8376,51.8092,26.766275
195,sbert_large_mt_nlu_ru,39.7858,0.30745,42.915749999999996,-5.2101750000000004,35.0268,65.9096,48.13,48.0436,46.603899999999996,65.337,19.48545454545454,22.564822222222222,6.372400000000001,58.8135,54.42550000000001,22.686725
196,KaLM-embedding-multilingual-mini-instruct-v1.5,,,,,,79.72822038569593,80.16653334500153,83.86019247474584,80.5656376543151,87.34265089376507,69.96933886727182,,77.80818016295537,84.1219543406234,,
197,sbert_large_nlu_ru,32.5095,4.91835,31.23365,-1.5565083333333332,35.2998,58.8573,31.4807,37.108200000000004,36.649,58.2549,19.470354545454548,27.50667222222222,6.289600000000001,46.7987,34.1195,22.159883333333333
198,modernbert-embed-base,,,,,,79.92900705478993,77.61671419416626,86.13305071688859,81.26767916144169,88.25330888676139,87.61577496386343,,,86.96704639052885,,
199,sentence-t5-xl,,,,,,79.97772392974231,79.01729005661066,88.80436421944282,84.3295761627281,88.89098990959154,50.95498022342105,,,83.92987130232214,,
200,GeoEmbedding,,,,,,80.07560000000001,67.8271,82.27759999999999,78.2074,87.05810000000001,89.88730000000001,71.7025,,84.0544,,
201,sentence-t5-large,,,,,,80.33862272962334,79.11038370962655,87.32740632069934,83.17025300846403,88.27564644599094,44.426764759714096,,,85.35933660491871,,
202,random-encoder-baseline,0.3295,1.3046499999999999,2.5471500000000002,3.161866666666666,-3.572,-0.1918,8.441,-1.6979000000000002,0.6327,2.5898999999999996,1.5648909090909089,2.7151944444444442,4.1873000000000005,3.0174,-8.8272,-1.490733333333333
203,bge-large-en,,,,,,81.04583513112122,79.75387012744471,84.98234585939103,80.7997969966883,84.88671197763652,85.8193745617297,,,85.0995685206174,,
204,text-embedding-ada-002,,,,,,80.60068499509984,69.79701994332693,83.27133775815649,76.09025403033498,86.11791184256356,90.2544266490552,,70.613445986837,83.16780387096034,,
205,bge-base-en,,,,,,80.0171084446234,77.93462937801245,83.85931509330395,81.51200091040481,87.33044482064973,85.58139465695983,,,85.95475815226862,,
206,gte-base-en-v1.5,,,,,,79.36960687383745,74.38364712099211,84.70630905216271,80.10314039230198,87.16293477217867,90.63701653633909,,,86.03947178806887,,
207,gme-Qwen2-VL-2B-Instruct,,,,,,73.98553311584509,72.05290668592296,84.4847436140129,77.91329577609622,87.62293916855751,88.78668529808967,,76.83296022489624,83.3985199217591,,
208,sentence-t5-base,,,,,,80.18231249099851,78.0511871449349,85.84897342040492,82.18926664662587,87.45860981918769,38.69374269965659,,,85.52030817522575,,
209,cde-small-v1,,,,,,77.44919890597407,74.2212823495219,86.12368715292688,78.88155361224834,87.5038962579188,89.68436656381257,,,85.54441587714372,,
210,voyage-law-2,,,,,,80.354,70.9032,85.4455,79.8747,86.788,89.4086,,,85.0621,,
211,gme-Qwen2-VL-7B-Instruct,,,,,,75.34808277034776,77.24549887905519,80.98090253728394,76.36798509005328,84.47549220803403,88.67251952242073,,77.14577975930179,83.10901632378086,,
212,bge-small-en,,,,,,79.2463589100662,78.36856568042397,81.85436343502379,80.85052504637808,86.46858500002092,85.70951402743276,,,84.8853341842566,,
213,voyage-2,,,,,,79.4471,71.0071,80.5375,74.775,83.64439999999999,89.1938,65.39,,83.05369999999999,,
214,gte-modernbert-base,,,,,,75.7607,74.82130000000001,86.6355,78.7583,85.3865,88.3035,,,85.4068,,
215,Titan-text-embeddings-v2,,,,,,76.49462277620303,74.99867664033701,87.9128142106699,82.25544088807465,87.87150169810872,74.00979227555564,,,81.9481311864648,,
216,voyage-code-2,,,,,,79.7786,72.9377,83.1122,77.2145,85.2954,88.77239999999999,,,84.7834,,
217,voyage-large-2,,,,,,79.7786,72.9377,83.1122,77.2145,85.2954,88.77239999999999,,,84.7834,,
218,granite-embedding-english-r2,,,,,,71.34089999999999,67.0177,84.09140000000001,74.7689,85.3734,86.2089,68.4735,,79.1728,,
219,voyage-finance-2,,,,,,78.96990000000001,67.8601,80.75139999999999,72.5824,79.0754,86.527,67.1391,,75.6297,,
220,granite-embedding-small-english-r2,,,,,,68.8621,67.4098,80.5687,72.93849999999999,83.86240000000001,85.1797,66.8478,,77.103,,
221,gtr-t5-xxl,,,,,,74.29383974498337,70.1248199396564,82.71549276218907,78.24131910280873,86.2584908454127,85.18454365763111,,,77.72574493807944,,
222,SONAR,,,67.9356892072251,,,62.93971145260584,65.4632047656541,62.78607195958339,57.53693422381856,74.25087788257943,75.8304650347069,,50.175051356729924,67.39086924655895,,
223,gtr-t5-large,,,,,,73.39148682744103,70.33026062698798,82.19443204826278,77.16269014670296,86.31247335070002,42.31153505668454,,,77.60134889468367,,
224,static-retrieval-mrl-en-v1,,,,,,64.738,60.4289,72.5735,69.6221,80.066,84.74340000000001,65.3258,,74.0221,,
225,gtr-t5-xl,,,,,,73.62503612794212,69.10584816006707,81.81723080195181,77.06598351608042,86.00886559584634,46.14156560085977,,,77.64987371874676,,
226,atles-champion-embedding,,,,,,,73.19980000000001,83.89760000000001,78.5658,85.0932,39.667618181818185,,,83.7359,,
227,gtr-t5-base,,,,,,71.44730243032524,68.59358272758398,79.09019447848391,74.64141703710193,84.84757279716068,85.79615701004482,,,79.57572102026641,,
228,LLM2Vec-Llama-2-7b-chat-hf-mntp-unsup-simcse,,,,,,71.76588896280093,65.3943089429597,79.26435573752327,72.98102120833857,82.72040157931015,86.69902762920725,,,78.32422438643496,,
229,LLM2Vec-Meta-Llama-3-8B-Instruct-mntp-unsup-simcse,,,,,,72.15850185456762,61.59518395985063,79.71131323749228,72.10974664733891,82.17899407125657,85.44343473477939,,,77.44151296326804,,
230,LLM2Vec-Sheared-LLaMA-mntp-unsup-simcse,,,,,,69.34396953516386,60.094374065360746,72.51503781013379,66.6954698644186,77.69462578028768,81.67242768943406,,,73.36074244064153,,
231,multi-qa-MiniLM-L6-cos-v1,,,,,,70.0404,64.3841,76.4063,69.3252,80.1834,34.53303636363636,,,75.9837,,
232,QZhou-Embedding-Zh,,,,,,,,,,,,,89.97824999999999,,,
233,Yuan-embedding-2.0-zh,,,,,,,,,,,,,83.56575,,,
234,ruri-base,,,,,82.9333,,,,,,,,,,,
235,ruri-base-v2,,,,,82.76,,,,,,,,,,,
236,ruri-large,,,,,82.66130000000001,,,,,,,,,,,
237,ruri-large-v2,,,,,82.63279999999999,,,,,,,,,,,
238,zpoint_large_embedding_zh,,,,,,,,,,,,,83.34482829304406,,,
239,Youtu-Embedding,,,,,,,,,,,,,83.176,,,
240,sarashina-embedding-v2-1b,,,,,82.5639,,,,,,,,,,,
241,stella-base-zh-v3-1792d,,,,,,,,,,,,,83.05000687568048,,,
242,stella-mrl-large-zh-v3.5-1792d,,,,,,,,,,,,,82.96149593569953,,,
243,stella-large-zh-v3-1792d,,,,,,,,,,,,,82.80278693241074,,,
244,ruri-v3-30m,,,,,81.3979,,,,,,,,,,,
245,bangla-sentence-transformer-ft-matryoshka-paraphrase-multilingual-mpnet-base-v2,,,,39.7286,,,,,,,,,,,,
246,sbert-chinese-general-v1,,,,,,,,,,,,,82.16763221361724,,,
247,xiaobu-embedding-v2,,,,,,,,,,,,,82.05184068558792,,,
248,gte-base-zh,,,,,,,,,,,,,81.46211495319093,,,
249,ritrieve_zh_v1,,,,,,,,,,,,,81.4333,,,
250,sarashina-embedding-v1-1b,,,,,79.5427,,,,,,,,,,,
251,Conan-embedding-v1,,,,,,,,,,,,,81.24426700767087,,,
252,xiaobu-embedding,,,,,,,,,,,,,81.1850043859317,,,
253,ruri-v3-310m,,,,,77.9667,,,,,,,,,,,
254,ruri-v3-70m,,,,,75.8486,,,,,,,,,,,
255,gte-large-zh,,,,,,,,,,,,,79.68425102631514,,,
256,ruri-v3-130m,,,,,73.9314,,,,,,,,,,,
257,text2vec-base-chinese,,,,,,,,,,,,,79.29571136543504,,,
258,Yinka,,,,,,,,,,,,,79.23602286949782,,,
259,Dmeta-embedding-zh-small,,,,,,,,,,,,,79.0869194735025,,,
260,piccolo-large-zh-v2,,,,,,,,,,,,,78.71478656159289,,,
261,bge-large-zh-v1.5,,,,,,,,,,,,,78.69852268407135,,,
262,bge-base-zh,,,,,,,,,,,,,78.65683668845874,,,
263,bge-large-zh,,,,,,,,,,,,,78.51428925575037,,,
264,bge-base-zh-v1.5,,,,,,,,,,,,,78.3059741794318,,,
265,Hinvec,,,,6.981016666666666,,,,,,,,,,,,
266,m3e-base,,,,,,,,,,,,,76.96842621449035,,,
267,bge-small-zh-v1.5,,,,,,,,,,,,,76.73034692358996,,,
268,gte-small-zh,,,,,,,,,,,,,76.51424826130031,,,
269,bge-small-zh,,,,,,,,,,,,,76.47779591499616,,,
270,Arabic-Triplet-Matryoshka-V2,,,,,,,,,,,29.972036363636366,36.65317777777778,,,,
271,m3e-large,,,,,,,,,,,,,74.1600223715834,,,
272,piccolo-base-zh,,,,,,,,,,,,,70.6045637565602,,,
273,PawanEmbd-68M,,,,,,,,,,,24.92858181818182,,,73.47540000000001,,
